ID,ISIN,Amount
C,US12,543669
D,FR85,95792
E,CH8,511877
C,CH91,465457
D,FR85,162505
B,FR35,205608
A,US18,199046
C,CH42,239309
B,US81,270487
C,FR53,266217
E,US6,649234
F,FR63,289000
B,FR93,189495
D,CH71,385718
E,FR17,266876
D,US16,1176514
A,CH65,588665
B,CH34,130261
E,CH57,196132
F,US68,187476
B,FR17,446089
C,CH29,629311
A,US25,220168
B,US94,260925
F,US12,533999
A,US4,50427
A,CH41,301709
C,FR52,236427
F,FR33,39967
B,FR30,207351
D,FR63,317848
C,US43,443205
F,CH57,996736
B,CH72,635480
F,FR61,348078
D,CH65,124693
C,FR63,623900
A,CH96,806641
F,US82,83030
D,US43,899704
C,US48,813864
E,US87,482066
D,US6,220547
E,US40,72788
B,FR58,390653
C,US22,343395
B,FR56,203316
C,US22,343496
D,CH55,392882
A,US12,556193
B,FR90,75948
F,CH72,500546
C,US40,501622
C,FR14,463300
B,CH66,266786
C,FR52,400539
D,US18,580619
C,US6,253620
E,US4,223255
C,FR50,334540
D,FR36,2108206
B,CH66,661658
F,FR93,313162
D,FR92,258690
C,CH38,372574
F,FR54,779598
A,FR56,728681
F,FR100,352923
F,US49,635848
F,CH38,508687
D,US43,100129
C,CH96,401597
E,US25,230055
A,US48,980106
A,FR36,117285
A,US82,175167
C,CH70,172132
C,FR92,534586
C,CH3,500440
F,US25,89040
C,CH3,633664
E,FR93,441328
F,CH96,631236
F,US43,79782
A,US6,149390
A,FR62,640674
B,CH95,150377
D,FR24,565570
C,CH67,213738
A,US98,1222582
A,FR74,245471
A,FR2,317590
B,FR64,727342
A,CH66,368587
D,US12,142975
E,US94,58599
F,FR2,174464
D,US19,344195
E,FR50,112212
F,US1,518750
D,US68,323604
B,US87,366631
B,CH44,223608
B,FR64,404567
B,US12,321524
C,FR92,196645
B,FR99,476163
D,FR93,56636
F,FR61,525273
D,CH91,399737
D,CH96,982828
B,FR85,713334
C,FR93,210756
C,CH88,419916
B,US81,387632
C,FR36,559200
C,US94,386934
D,CH42,445900
F,US31,534190
E,FR17,111812
D,CH9,212036
A,US28,144972
F,FR90,175200
F,US11,651638
A,FR92,266582
C,FR56,94391
D,US4,626517
F,FR93,688785
A,US75,250843
B,FR54,152242
E,US94,320185
D,CH42,210841
D,CH41,475660
A,CH37,227232
F,US6,607159
E,FR52,211344
D,US28,307861
B,FR5,296826
B,US45,276461
C,FR89,738826
F,CH95,344255
F,US40,214327
E,FR74,234407
B,CH88,208025
B,US28,294880
F,FR54,849691
D,FR24,175557
D,FR21,326935
C,CH96,312545
D,FR54,469034
C,CH38,204576
A,FR5,36654
D,US82,206789
B,US28,81329
F,CH15,268873
D,FR73,143655
E,CH83,443150
D,US19,535204
D,CH66,1242600
E,FR58,369108
F,CH72,670946
B,FR59,344963
C,FR100,491583
C,FR13,292321
C,CH96,181123
B,FR5,234130
A,FR64,695677
A,FR24,153041
D,CH9,94614
C,CH8,1000950
C,US12,690428
C,US4,421037
B,CH47,308910
B,FR85,908071
D,CH91,779547
D,FR74,179844
B,US39,359226
A,FR14,27840
A,CH95,164621
E,FR35,345643
E,CH67,206016
D,CH32,558595
E,US39,496715
B,US48,464912
E,FR59,319614
E,FR54,52641
F,FR21,336047
C,CH42,80385
B,FR73,174132
C,US87,189303
B,FR99,223205
B,US45,310633
E,US45,65739
D,US98,332477
D,CH57,1140504
B,CH41,168816
F,CH3,229325
E,US20,151959
B,FR64,352815
C,US12,358830
B,US28,221873
E,US75,324793
E,CH15,325274
D,US75,337572
F,US60,352812
B,FR5,319158
A,US49,93891
A,US98,193796
C,US18,419568
A,US43,303636
E,FR33,693977
B,FR85,259888
E,US75,301784
D,CH72,885088
D,FR33,1538761
D,FR33,339126
B,US25,610323
C,FR53,546987
A,US75,216023
C,US98,312031
E,US39,557412
B,FR73,1292332
E,CH42,202200
D,US84,370738
E,CH71,644670
B,FR99,329123
E,FR24,625336
E,FR73,424608
A,US19,66552
F,CH88,652433
A,FR85,879317
C,FR46,487820
D,FR62,269841
F,FR99,1355435
F,FR21,101946
C,US22,146277
B,CH3,45149
F,FR69,421058
D,US20,303806
E,FR21,583959
A,US11,237976
C,FR52,508992
F,US6,733236
E,US86,173840
F,CH23,183606
C,CH38,659099
B,US18,674595
A,US48,275247
E,CH91,983103
B,FR92,667062
D,US45,198418
D,FR30,242807
D,CH65,210355
B,US87,105990
B,FR13,355525
C,FR35,164653
D,FR85,73577
F,CH37,214960
A,CH8,538560
D,US4,224433
E,FR24,374975
B,FR93,326518
F,US49,745862
C,US86,756925
A,CH91,266371
F,CH70,221352
F,CH8,194106
C,US94,268452
E,CH38,322296
C,CH27,460922
A,FR14,539943
E,US49,100761
E,CH78,603293
F,US20,229358
D,CH34,435037
D,FR100,239735
C,CH57,207727
F,FR52,151450
E,CH47,179502
B,CH47,106351
B,CH44,486253
B,FR92,496476
F,US76,457969
E,CH8,444637
C,CH78,665544
A,FR89,527360
B,US43,847327
F,FR63,93522
F,FR26,312988
B,US51,674843
D,CH66,385532
E,FR50,646990
D,US43,66022
C,CH15,228860
B,FR36,479402
E,FR33,387610
B,US84,213529
A,US43,73432
A,CH27,58166
A,FR21,190262
D,FR69,504112
A,US40,87996
F,CH70,374126
C,CH47,416829
A,US60,72514
C,CH3,29617
F,CH47,54182
C,US16,387059
C,FR54,40307
E,FR93,815656
D,FR63,771915
D,US98,134670
F,US84,80282
C,US39,348032
C,FR5,188533
B,FR62,185974
D,CH27,356297
E,CH47,1222159
A,FR24,143915
C,FR53,331360
A,US98,549506
D,FR90,114512
B,FR2,61914
D,US40,464903
A,US4,280991
C,CH38,711688
B,FR73,97474
C,CH88,559379
C,US81,250807
B,FR99,177348
D,CH9,576708
A,FR50,1108212
C,US39,539456
C,CH78,941849
C,CH96,1129549
C,US98,362703
F,US81,427624
C,CH42,476472
E,FR13,225209
B,FR35,693817
A,FR35,758800
C,US76,270638
F,CH32,277645
F,US19,82642
F,FR14,1433707
C,FR36,860858
A,FR80,316833
C,US40,166665
A,CH83,286592
B,US4,220329
F,FR93,607646
A,FR80,729270
F,FR93,530471
B,CH95,260240
E,US20,231818
A,FR97,291050
D,US40,192868
F,US82,495488
D,US19,372420
A,US40,200999
B,US19,189256
A,US81,401405
A,CH15,110334
D,US75,313078
C,CH34,210467
D,CH91,275727
F,US79,212568
C,US51,781165
F,FR24,342906
E,US39,1080736
D,US98,973783
F,US81,288217
B,CH55,291019
D,FR80,148270
F,CH42,125405
A,CH27,180438
A,US51,610902
F,US48,853371
D,CH41,118757
B,US94,251443
B,FR97,110878
D,US10,71907
C,US28,963312
B,FR63,533767
E,FR58,291662
A,FR99,144325
B,CH67,178350
B,US94,379339
A,CH41,114154
E,CH95,441250
C,FR92,397901
B,CH42,84417
E,US28,114091
D,CH8,416444
F,CH32,320759
B,FR92,981759
A,US84,531196
F,US12,482499
D,FR90,461351
F,FR92,186718
E,FR61,853179
B,CH29,237354
F,CH70,218457
F,CH57,379508
E,FR26,177008
E,FR50,239830
A,US98,459677
F,US39,229564
E,US84,655700
E,FR33,357662
A,FR14,567242
F,US16,516397
B,US51,178479
C,CH27,723074
A,US51,502002
F,US31,96022
D,CH67,285601
C,CH34,467428
B,FR35,56347
D,FR59,555132
A,FR14,566323
E,CH27,620624
E,FR53,253752
F,FR33,288337
B,FR24,194801
E,FR85,229796
A,FR24,378752
C,CH8,750571
D,CH96,601101
E,FR14,638699
C,FR99,359863
B,CH57,460749
F,CH42,713027
B,FR69,865111
A,FR13,138371
E,CH67,1151449
F,US18,58080
B,US11,460700
D,FR5,292431
E,FR2,843601
F,US43,253262
E,US19,914756
E,FR17,987382
A,US94,173350
B,US45,529836
F,US68,152640
A,FR24,945878
E,US11,552811
B,US1,217292
C,FR58,468662
B,CH70,284359
C,FR14,190208
B,FR85,399385
A,US22,350788
B,FR46,260193
D,CH9,221144
E,CH7,315218
C,CH70,198916
F,US16,542788
B,CH3,121062
A,US84,255852
B,CH15,182293
D,FR59,375796
A,US25,959125
C,CH83,355681
D,CH72,184481
E,FR92,239202
C,FR100,471168
F,CH83,1041470
C,FR97,405875
B,FR2,167084
E,FR26,364466
A,CH15,919443
F,US19,439592
F,US19,187813
B,FR59,290942
E,US86,540314
A,US43,537150
A,CH70,434052
A,US86,257483
D,US1,696498
B,US39,521476
C,FR100,253415
E,US86,295517
C,US60,1356045
E,FR46,265001
B,US94,294026
A,CH67,105494
B,CH15,466438
A,CH9,1084384
C,FR69,125184
C,US98,156590
C,CH23,256142
F,US28,309827
C,CH23,299138
F,FR5,494457
D,FR100,255325
A,FR14,646883
C,FR5,298292
C,US82,356874
C,US10,1588412
D,CH7,189258
A,CH7,167175
D,US25,170283
C,US25,182147
A,US25,251347
F,CH83,147754
B,US10,338292
A,US68,234130
F,FR52,733855
B,CH96,254254
D,US68,751792
B,CH91,343190
E,CH95,781710
C,FR53,103455
E,US51,1025672
C,US40,283094
D,FR46,1707670
E,FR17,331341
D,CH55,481312
E,FR54,828951
B,FR85,107979
F,FR53,586611
B,CH77,146020
A,FR13,482855
C,US75,572934
A,US81,425833
E,US12,453384
C,FR89,765113
C,US86,531067
A,FR93,398217
F,US98,539720
F,FR92,691711
B,FR99,184487
C,CH23,253605
C,US16,266148
B,FR24,233010
C,US6,910192
D,FR26,179038
C,CH91,667549
C,FR58,1667317
F,FR21,379683
A,FR59,413235
E,US48,201403
D,CH15,437121
C,US11,312726
C,US98,262571
A,CH55,248059
A,FR56,1043980
A,FR14,168399
E,CH9,555837
F,US10,187883
C,FR99,389693
E,FR61,793944
A,US87,457275
C,US11,582311
A,FR36,342596
A,US68,275603
B,US22,397616
C,FR24,156844
D,FR53,448865
B,FR14,158132
C,US22,261625
C,US45,797711
D,FR13,606019
F,CH44,802957
F,FR61,563052
F,CH37,67304
B,US49,247316
C,US86,570214
B,US28,490368
D,US6,435946
C,US6,687723
C,US86,281566
B,FR53,281145
F,FR21,517839
F,CH96,62882
E,FR50,469008
F,US76,233999
F,FR52,511595
F,FR64,242084
D,FR85,574789
F,FR62,364349
B,FR62,825079
B,US45,113236
F,US48,281593
E,CH72,511171
C,US81,200506
A,CH15,407370
F,FR93,43069
F,US4,626194
D,US68,370173
B,CH7,148928
B,US25,830718
A,FR13,441121
E,US20,328157
A,FR69,366766
F,FR73,232823
D,CH57,256699
C,FR17,2065200
C,FR58,542490
F,US84,298179
A,CH23,1018941
E,FR64,273757
B,CH70,319207
C,US76,374459
D,FR85,209856
A,CH65,746099
A,FR26,941761
D,US60,167489
A,FR17,243308
F,FR89,97536
B,CH44,114851
A,US79,579733
A,FR50,67701
D,FR89,211046
F,CH27,252315
E,US22,51708
F,FR69,638938
A,CH42,218391
E,CH15,504167
E,FR73,511069
E,CH9,183081
F,US22,87376
A,US98,378544
E,US22,317611
D,CH41,544585
A,CH66,610977
E,US94,963070
B,US98,143652
D,CH83,758233
B,FR52,152106
A,US82,103559
D,US6,39661
F,CH15,459637
C,US51,235793
F,US81,29278
D,FR100,264591
D,US16,504558
F,CH7,482569
B,FR59,89739
E,CH32,482357
F,CH95,558712
C,CH3,313134
E,US11,38386
F,US45,50726
A,CH91,778229
D,CH37,293796
E,CH67,252209
F,US60,182567
E,CH78,104807
C,US81,347148
E,FR33,104798
C,US86,102835
B,FR2,196442
E,FR30,473298
B,CH7,574796
F,US43,93723
F,CH95,464526
A,US1,124176
A,US40,310962
C,CH77,712191
B,FR52,723602
B,FR21,448013
F,US82,1300077
B,CH67,92852
D,CH72,355757
F,FR63,761483
E,CH66,232492
B,US87,369933
F,FR69,79815
A,US25,22851
F,US19,465449
E,FR64,381829
C,US28,205276
D,CH29,363828
D,CH8,90706
D,US19,223625
B,CH65,983037
C,FR74,498793
C,US79,241360
F,CH42,582297
F,CH55,260653
B,US11,197441
C,US28,1092358
A,FR56,336240
F,US40,254860
E,FR35,95020
A,FR99,651483
E,CH34,143049
E,FR35,427860
B,CH38,469172
B,US11,493853
A,US87,56995
C,FR59,135805
A,FR93,325249
B,FR53,502591
A,FR30,47266
F,CH55,662072
A,US19,309724
B,FR17,103772
E,FR24,543277
A,CH44,73195
A,FR35,236509
C,US87,460156
D,CH71,328203
D,FR63,198948
A,CH95,336292
A,FR90,29436
F,CH27,275234
D,FR69,570332
D,US68,489943
E,FR69,665514
C,CH23,362985
E,CH78,504617
B,CH96,249027
D,US79,141517
E,FR17,1144121
F,FR30,170171
D,CH77,509187
D,US51,541043
E,FR64,166604
F,CH15,724132
E,FR61,795524
E,FR50,253792
B,FR74,313305
E,FR54,144316
A,CH3,91708
C,CH3,276944
E,CH9,427215
B,US22,77592
E,US20,262132
D,CH32,200478
C,CH66,539288
E,FR54,301945
A,US19,302200
F,FR36,374090
C,FR17,529405
B,FR14,170616
A,US25,410362
B,US43,513638
E,CH83,188754
E,FR93,464301
A,US12,141591
B,US6,176414
D,CH70,507906
C,CH7,109697
E,FR85,698268
C,US86,376401
B,FR36,298439
C,FR61,907890
F,CH37,476819
A,FR100,726312
B,US76,103868
D,FR97,453351
F,FR50,426962
D,US49,763618
C,US51,194397
F,FR53,1441441
F,FR52,225423
B,FR59,828857
B,FR74,265437
D,CH71,517559
F,CH91,209686
D,US39,635418
C,US25,347264
F,US10,428934
D,US75,434345
F,CH41,293464
A,CH23,113460
D,FR100,323542
B,CH83,722109
F,US6,578112
C,FR92,235855
B,US94,646206
A,US11,339708
F,FR61,414703
E,US1,1477762
F,CH95,164324
B,CH47,209325
F,CH37,328429
B,FR56,417153
B,CH83,132878
A,FR36,128246
D,US31,165570
F,FR80,1149728
F,FR85,247534
A,US79,719097
C,FR30,700634
F,CH38,392616
A,US31,334242
D,FR89,310081
A,US11,68119
E,US1,488818
C,US79,625530
D,US49,335331
A,US25,246849
B,FR89,320309
A,FR24,110502
F,CH65,118044
C,US11,481434
D,CH23,801298
B,US48,592605
C,FR17,198285
A,FR14,386737
D,CH42,945443
C,CH27,325640
A,US75,161715
B,CH42,291637
B,US22,936780
B,FR21,194699
A,US79,399379
D,CH77,233623
D,US4,396521
B,FR14,325708
A,CH7,732467
C,US84,1338054
A,FR99,325081
B,US86,121087
E,FR13,518838
F,FR36,421987
B,US16,1222813
B,FR2,1295967
F,CH47,768969
F,FR17,270243
E,US81,275261
C,CH95,241129
F,CH42,222489
A,FR69,667504
C,US19,325456
F,US6,76854
D,FR80,246068
A,CH41,268503
A,FR54,969380
F,CH96,241502
A,CH55,65935
D,CH96,246219
C,US22,340941
A,CH29,350141
F,CH38,1021186
D,US43,538835
C,FR50,1429948
A,US16,223237
B,US20,445279
A,FR54,210507
B,CH29,298687
B,CH27,189978
C,CH37,369680
B,US28,214538
D,FR13,1020501
A,US49,285571
A,FR64,317084
E,CH29,944314
C,US51,164092
A,US10,98741
D,US45,622249
B,US31,303726
C,FR5,313962
D,US86,268689
B,FR99,147171
F,CH23,69745
D,FR92,36837
F,CH78,481405
F,FR64,348286
E,FR46,272195
E,FR73,165201
A,US18,790630
C,CH41,144348
A,CH95,552885
B,CH47,307257
B,CH78,376621
E,CH38,856579
E,CH96,851820
B,FR93,130757
F,CH57,211708
E,US49,1100188
C,US22,477589
B,CH83,605490
A,FR85,140960
E,FR50,335125
E,CH96,521140
B,CH34,291905
E,FR13,288233
D,FR24,296067
E,FR85,122114
E,CH23,547504
A,US68,522345
F,CH15,155233
B,CH27,481509
E,FR54,653876
B,FR13,649857
A,FR50,116210
B,FR46,126200
A,CH91,717824
A,FR13,807233
A,CH91,352042
E,FR63,340994
B,FR30,167433
C,US31,70300
F,CH57,125924
C,CH77,73082
D,CH9,286314
D,CH95,133060
B,CH72,112406
F,FR2,694567
D,US51,460331
F,FR21,68216
B,FR24,197560
F,CH34,547608
A,US6,329695
F,FR74,375423
E,CH29,562167
C,US40,220510
E,US86,294846
B,FR52,316123
A,FR24,291293
D,CH9,138300
C,US20,435236
A,CH38,556087
F,FR35,106497
B,FR73,74379
B,US51,139749
F,US84,221837
D,US18,751884
C,CH41,402687
A,FR97,259138
D,CH9,37817
A,US4,255629
B,FR26,124104
F,US40,295304
A,FR61,347757
E,CH3,163127
D,US48,139809
E,CH55,329551
F,FR74,411775
C,FR50,230509
B,FR5,610058
F,CH95,395481
E,FR73,476327
B,US39,1387517
A,US1,304812
E,FR46,85235
A,US68,173584
D,US40,306222
D,CH32,153456
C,US20,410853
D,FR64,410979
A,US40,272082
E,US39,180665
E,FR2,20709
F,US75,233985
A,US12,720441
F,FR52,169354
F,FR59,202921
D,FR30,134661
B,FR93,369436
F,CH55,428200
B,CH38,320580
C,CH96,221769
B,US81,372767
B,CH77,554553
D,FR56,194272
F,CH83,277059
F,US25,346638
B,US10,873495
F,CH57,667133
B,FR74,348505
D,CH15,617838
E,FR52,488430
A,CH47,255205
F,FR54,419159
F,FR52,114192
F,FR92,430899
F,FR21,45246
C,FR92,212505
C,FR24,200661
B,US40,274951
A,CH55,995893
D,FR64,248234
A,US79,458944
E,CH57,406412
C,CH38,167544
A,FR90,175796
E,CH8,350958
C,CH96,110417
E,US19,400644
A,US1,469194
B,FR50,243264
F,CH57,344433
D,CH96,141506
C,US31,166101
B,FR33,349859
A,FR52,810980
C,FR13,534840
A,FR58,360343
B,FR62,493281
B,FR69,655411
C,US31,335348
F,CH77,200479
A,US20,413044
C,CH77,218416
E,FR30,192430
F,CH72,171620
B,FR69,464109
D,US51,223298
C,FR63,215003
D,FR93,234812
E,CH91,35908
C,US18,248626
B,FR56,48067
F,FR69,219112
B,FR74,696242
D,US94,234921
F,FR58,938491
F,US82,172359
A,FR89,684024
E,CH77,643974
A,CH83,691798
C,US39,617064
E,FR33,665039
D,US79,374770
F,FR69,585876
F,CH66,1157131
D,FR30,378703
B,US82,56355
A,CH23,151268
F,FR92,663368
C,FR50,386240
C,FR54,441338
E,US68,246963
D,CH70,662297
F,US31,130104
C,US98,1416444
D,CH42,189370
A,FR100,418300
A,US48,207153
F,US4,377922
E,FR92,844885
F,CH38,223589
C,US22,430630
F,US48,239927
E,US6,529732
E,CH96,210199
D,CH41,361364
E,FR64,336523
D,CH78,233059
D,FR30,600924
C,CH41,390667
D,US60,73834
F,FR69,411221
B,FR73,453629
A,CH38,465249
E,CH37,569375
A,US39,272873
E,US68,201940
A,US19,138685
A,FR61,758895
E,FR59,659837
D,FR69,496480
D,FR14,349433
C,FR26,240202
A,CH38,118543
C,US45,221920
F,CH23,337922
E,US79,175726
D,CH44,211543
F,CH71,651912
E,CH83,706442
B,FR35,193277
F,CH9,141314
A,FR5,292977
B,CH83,342367
D,FR14,977888
E,US1,141207
F,CH23,407384
B,CH78,361131
C,CH78,66786
D,FR53,152778
E,US18,743712
A,CH38,422790
C,FR21,436463
F,CH91,369392
B,US76,268861
B,FR58,788618
A,CH29,210933
F,US43,241882
C,US76,140855
B,FR90,182864
E,US1,604683
F,CH44,279856
E,US4,195971
A,CH27,303446
A,US82,101144
B,US48,512618
A,FR50,675579
E,FR61,418433
E,CH91,478526
A,FR21,167095
C,US43,188186
F,FR26,160128
F,CH29,300991
D,US48,371985
B,CH8,509643
D,US43,385465
C,US48,358066
A,US31,187353
F,US20,90296
E,FR26,308548
D,CH83,331605
D,CH38,376491
F,FR63,569174
A,US4,123333
D,CH29,316467
A,CH38,425582
C,FR61,214926
E,CH57,500565
A,US81,106578
E,FR36,361724
A,CH47,403349
E,US82,168097
E,US79,247275
E,FR50,284608
F,CH8,571365
E,FR61,521545
F,FR97,431786
F,FR58,580449
C,FR21,406828
D,US87,569811
A,CH78,85057
F,FR64,472724
D,US12,856265
A,US6,905949
C,US11,396562
F,US20,118681
D,US49,373655
E,FR59,307768
A,FR50,449895
C,FR69,477282
D,US84,1713595
E,FR33,801148
A,US6,351467
C,CH47,453484
F,FR36,348562
E,CH34,323087
D,US84,350725
B,CH96,560147
C,CH91,639860
D,CH65,584152
A,CH32,207006
C,CH37,401217
C,FR46,366621
E,US11,139874
B,US86,428203
B,FR54,289311
D,CH71,972827
B,CH83,145008
B,US11,728873
F,CH91,145137
F,FR69,211127
B,FR89,515447
F,CH55,159284
D,US81,761505
B,CH95,495251
B,CH65,370547
D,US1,322817
E,US43,506972
A,CH23,452397
D,US51,172601
B,US11,82232
D,CH7,288926
B,CH83,177864
C,FR17,305461
A,FR53,382121
B,US19,355236
A,US51,215311
D,CH37,495916
D,CH15,324152
D,CH42,240453
B,US1,360786
D,CH47,160805
A,CH78,675544
D,FR46,285614
C,CH57,53919
C,FR64,293090
E,FR99,355910
A,US28,521488
E,FR46,597885
F,US10,293430
F,US19,382299
D,CH15,313988
B,FR99,214610
F,FR73,451883
B,CH96,76798
C,US94,348335
A,CH37,722027
E,FR97,546701
B,CH37,115741
A,US60,689842
C,CH47,338190
D,CH47,371698
E,CH66,785156
E,FR30,610332
F,FR64,107343
F,US19,380243
F,US48,370363
F,FR14,721209
D,CH55,42901
C,FR63,114464
D,CH55,86865
E,CH55,77460
A,CH9,510359
D,FR33,457175
C,US1,754227
C,CH66,658822
F,FR97,335195
A,FR100,169636
C,FR93,488009
D,US43,234403
A,US10,294429
C,US12,179527
B,CH57,359210
C,CH8,1029193
B,US84,209683
D,FR53,877814
E,US1,724667
C,FR21,318261
B,US49,929051
A,CH38,254612
D,US81,268183
E,CH95,241970
E,US84,186491
C,CH47,623088
C,US25,232713
D,US48,424829
B,CH65,474332
B,FR73,218304
D,FR62,338816
F,US19,657340
D,FR35,296902
A,FR17,108414
E,FR74,358095
D,CH44,132821
D,US49,431850
A,FR74,854154
A,CH9,260389
D,FR46,44717
A,FR73,732642
D,FR2,269388
B,CH88,114808
B,US82,146995
A,FR13,199386
C,CH44,391821
D,FR90,405002
C,FR97,271749
A,FR97,489587
C,CH91,425783
E,FR17,492112
B,US45,217450
D,US28,332411
C,US98,224063
F,US40,731895
B,US12,265231
E,CH44,214320
C,FR64,23726
E,FR59,488008
A,CH8,145863
D,FR36,284348
C,US20,324528
F,CH27,762861
B,CH71,676008
C,CH37,145653
D,FR100,254655
F,FR14,333347
A,US86,463803
E,FR73,645692
A,US22,973432
D,US31,76434
E,FR46,235865
E,FR24,892769
F,US18,126214
A,US28,1253078
E,FR36,236529
C,FR62,83136
E,FR17,124692
B,CH32,922981
C,FR58,206716
B,CH8,155591
A,US49,136380
D,CH3,281114
E,FR35,520624
C,FR46,439673
D,US43,202771
A,FR46,621669
B,FR89,710949
A,US6,465553
F,FR5,455226
B,FR97,411133
D,CH42,592626
B,US25,200157
B,CH23,468898
F,FR13,438677
D,FR61,727747
F,CH23,288367
F,FR26,32287
E,FR46,364748
D,CH96,109230
F,US48,326118
B,US76,348846
C,CH41,270617
D,CH71,186292
A,US94,288350
D,US68,269752
C,CH7,348930
C,CH55,280535
B,FR85,143170
D,US39,692313
E,US12,277207
D,FR92,269547
D,US87,270091
C,CH15,187155
B,FR26,261642
A,FR33,282926
A,CH57,282582
C,CH72,185777
B,FR21,316686
A,FR63,122418
B,CH77,128706
D,US18,958032
E,US4,574752
D,US1,381291
F,CH41,432813
E,US16,212325
A,FR62,261516
E,FR63,749229
D,CH42,364180
F,CH8,67665
C,FR58,142303
D,FR89,1065982
A,US84,181327
E,US98,376719
A,US60,446524
B,CH77,44378
C,CH66,816050
D,CH66,217470
E,CH32,380775
D,FR50,838322
B,US4,316794
D,CH44,743268
A,CH42,958631
F,CH91,379867
A,FR58,177059
C,US68,73825
F,CH23,462992
B,FR14,346275
F,US40,235808
A,CH44,487973
C,US76,440945
A,US16,414551
E,FR61,188560
A,FR80,390324
D,FR17,227459
D,US1,321781
F,CH96,151716
E,US79,1023434
B,FR63,616650
C,CH38,394924
D,US86,65039
E,FR21,407948
F,CH27,219243
E,FR69,927871
C,US19,468059
A,US86,1004991
A,FR46,832265
F,US84,184659
E,US51,326869
E,CH77,149391
C,CH34,300360
F,CH55,886657
B,US20,232852
D,US75,682654
E,US45,815672
C,CH78,317011
A,US43,739338
D,CH67,344140
D,CH91,1006854
F,US82,654527
E,US11,401587
F,CH67,125359
A,FR97,466940
C,CH71,422689
A,CH47,35328
D,FR14,884235
A,CH72,459733
F,US43,343248
C,FR92,81332
B,FR35,653761
C,FR80,612798
A,CH77,370258
A,CH55,322791
C,US6,112062
F,FR46,157602
D,FR73,432333
C,FR92,369083
F,FR92,245464
C,CH57,57934
B,US43,721254
D,FR69,295092
F,FR90,260484
A,FR97,213083
F,FR89,225823
C,CH65,656187
F,CH41,312369
B,CH66,781548
D,CH7,905607
C,CH8,428526
F,CH57,394906
C,CH88,104459
B,US18,280295
E,FR24,418375
D,FR85,264115
E,FR89,371681
E,CH70,557103
B,US98,348422
E,US60,281731
E,FR13,585087
D,FR89,150200
A,US94,366322
A,FR93,374551
E,CH66,575572
A,US49,290937
C,US98,710629
D,US12,423218
D,US22,285228
F,FR90,120556
C,US4,119794
F,CH78,82917
A,CH32,173947
A,CH72,810142
E,CH67,295099
B,US28,96676
A,US60,603629
B,CH32,241711
A,FR69,245316
C,US25,447476
E,CH38,192698
D,CH77,700262
B,US81,463195
B,FR26,282888
E,CH95,54933
F,US4,401654
E,US11,212292
C,CH83,44358
E,FR74,1056573
F,CH8,393496
A,US43,578697
C,US86,1050286
D,FR97,174905
B,CH37,1733920
C,CH78,414816
C,FR63,1104931
B,FR85,1422777
F,US76,396817
F,US75,663915
E,US6,183985
F,CH65,156547
C,CH78,383214
E,CH83,773404
F,FR97,625220
C,US49,296641
C,FR50,410218
B,FR24,958425
C,CH8,263523
E,US82,82055
B,FR93,279554
F,FR33,1086046
D,US19,322539
F,FR69,666017
A,FR14,190531
F,US45,208418
D,FR63,469179
A,FR17,363011
D,CH55,764930
A,US45,888480
E,CH91,354454
D,FR63,256573
B,CH88,603608
A,US76,192729
B,US60,277040
C,FR24,118801
D,FR54,264187
D,US22,1006939
D,CH8,381481
C,FR30,499716
C,FR97,127284
C,FR14,703584
C,CH95,867017
F,FR74,428241
A,FR97,886814
B,CH91,435841
B,CH23,911014
D,CH47,204541
D,FR14,248454
E,FR30,315723
B,US28,202561
F,CH7,287822
D,FR63,552810
F,CH47,502616
E,US75,70060
D,US76,940838
E,CH91,523976
B,CH38,107822
D,FR93,523214
C,FR46,215907
C,CH83,275199
C,CH83,454095
F,CH8,524938
D,CH70,1218501
C,FR59,351954
B,US68,514292
F,FR93,575719
A,FR13,749247
E,FR90,709274
D,US1,697970
D,CH42,207976
B,US86,274687
F,FR14,399035
F,FR36,353104
A,FR59,370104
F,US11,572250
B,CH27,530646
C,US81,385448
D,CH57,523779
E,CH41,334407
B,US11,423071
F,US84,256910
D,CH47,120276
E,FR74,64925
E,FR30,272962
B,FR21,117430
C,US49,252414
C,FR21,762055
D,FR58,178310
A,CH41,773701
F,CH67,220917
F,CH41,166124
D,CH23,515712
F,US75,880254
C,US10,120626
A,US82,456396
A,CH42,653631
C,FR2,355975
A,US94,641951
F,US31,169246
F,CH3,609034
D,FR35,89715
B,US16,250690
E,US16,280253
D,CH71,253348
C,US75,284475
E,FR26,334390
E,FR97,394842
E,FR56,490790
B,CH83,538167
D,CH37,544405
A,CH67,292989
B,CH66,515032
B,US84,208892
F,US40,424473
A,CH96,264435
C,US4,495407
B,CH88,334328
D,FR17,360806
A,FR62,927686
C,CH29,154528
C,CH83,304731
F,FR2,201908
F,US51,21242
B,CH57,440742
C,US12,654445
F,FR33,165198
B,US98,837343
E,FR13,511806
A,FR26,680052
B,CH29,543404
D,US16,884691
E,US60,223358
C,CH44,415453
B,US31,71900
B,US31,247598
E,US19,737986
A,CH57,215630
A,US28,430015
D,FR74,72575
C,US39,279933
D,FR64,339497
D,CH41,447671
D,FR5,524551
E,CH47,188964
C,FR80,537089
D,US1,505024
B,US51,314183
E,US68,117849
A,FR17,297279
B,FR13,224744
B,CH96,229895
D,FR100,519948
B,CH15,317435
A,CH47,82226
E,FR56,326946
D,FR26,25593
A,FR80,115288
A,FR54,291929
B,US39,699349
A,FR5,218815
B,US82,797728
F,FR54,252556
F,CH65,523205
D,US25,329451
A,FR85,77408
A,CH95,101163
C,CH44,1173581
B,CH42,553265
B,US22,165285
F,US18,168249
D,FR80,298071
F,US86,305075
C,FR58,665914
A,FR85,61014
D,FR33,99136
F,CH38,208848
E,US86,573324
F,US84,431838
D,US6,471800
F,FR2,111419
B,FR97,255274
F,FR2,382716
C,US1,469179
C,US11,376471
F,US49,111574
A,CH57,1242416
A,FR36,517745
A,US28,525200
B,US10,844215
C,US75,139309
B,CH32,258594
C,CH91,774844
B,CH29,55129
A,CH96,192446
A,US16,728655
C,FR13,951093
B,CH91,370093
C,FR59,84406
D,FR54,358538
C,US12,227317
B,US76,547666
A,CH34,565688
B,US98,338951
E,CH34,285185
A,US19,758063
F,US31,503696
E,CH72,747283
F,US4,152473
E,FR14,524406
C,CH77,534281
E,FR5,721122
A,US10,947856
B,CH78,913259
B,US6,1104452
C,FR21,266745
B,CH27,503826
C,FR62,392583
D,CH57,57012
B,FR54,355571
D,CH71,388132
F,US31,505848
D,US86,290723
F,FR62,153956
A,FR59,336329
D,US81,335250
A,CH77,154313
C,CH72,156197
E,CH71,385381
C,FR36,585428
F,US25,104806
A,CH83,658728
E,US12,261542
F,FR58,318483
B,US81,590953
D,US45,524408
A,CH77,268136
B,US11,97638
B,US16,454795
A,FR80,464576
A,US25,364723
E,FR93,62338
E,FR85,142225
A,FR35,530743
F,CH71,857610
A,FR90,754012
D,CH55,178895
A,FR97,678591
C,FR52,124452
A,US11,994149
C,FR50,416164
F,CH23,555124
F,CH42,109009
F,FR36,186869
F,US84,249787
A,FR100,258657
D,US16,254580
F,FR61,109258
C,CH71,908214
B,US87,557486
B,CH96,618958
B,CH96,486732
C,CH70,287274
A,CH7,113682
B,FR54,632846
E,FR50,696627
D,US51,322709
C,FR30,567435
F,FR61,650734
F,CH67,352578
C,CH9,137134
F,FR85,210825
D,US60,272049
B,FR93,430097
F,US19,315897
D,FR30,225670
B,CH83,418529
D,FR74,1104219
E,FR26,108357
D,CH34,139056
D,US84,492584
A,US76,498122
D,FR56,594419
D,US25,406761
A,US11,864453
C,US40,173109
D,US25,854021
D,CH27,274692
C,FR100,276277
F,CH96,120112
F,FR14,397564
D,CH95,416677
B,FR92,551181
B,CH83,298024
E,FR2,187681
C,US45,451894
F,FR33,227400
B,FR53,535578
E,US75,185375
F,US94,433701
B,US20,408300
B,US84,505184
E,CH78,191811
F,US79,395416
C,CH77,352956
E,FR97,47619
C,CH8,294080
D,FR59,197001
B,CH71,328004
A,CH34,148786
B,FR93,814306
E,FR54,155892
B,CH9,999386
E,US49,1087307
C,US79,321336
C,US20,466243
B,FR89,633414
F,US4,680771
A,CH47,224265
D,CH88,118880
E,FR100,465586
F,US60,140583
B,CH83,248467
A,CH91,104842
B,US43,503742
F,FR85,331102
C,FR36,32931
B,US75,133574
B,CH37,1133850
B,US10,423087
A,US68,285359
C,FR56,432570
D,US94,692528
F,FR46,844343
B,CH34,693915
F,CH70,422980
D,US43,416703
E,CH42,944384
D,CH29,334981
F,FR13,151500
E,US75,260375
F,US22,538689
E,CH67,575119
A,CH83,194776
E,CH70,168638
A,FR46,348303
C,CH3,386417
F,FR59,52397
F,US49,421322
D,US49,122547
D,CH47,574492
E,US48,398090
D,CH8,189555
E,CH29,186028
E,CH38,450485
E,FR50,406518
E,FR14,428485
B,FR74,263917
A,US25,512319
F,FR50,309267
D,CH83,463146
A,FR93,106653
B,US6,228632
A,CH77,263265
A,US39,1154438
D,US39,452696
A,FR46,726363
D,US81,250271
B,US81,222359
D,US75,76211
C,US94,190810
A,CH55,55922
D,CH96,52293
A,FR61,567850
A,CH38,357009
B,CH66,522600
B,US6,179136
D,US40,720642
B,FR24,844182
A,FR54,253264
A,CH88,516975
E,CH70,169386
E,FR2,240108
D,CH96,346264
C,FR99,79899
D,US40,167467
C,US45,411424
A,US12,348178
E,FR13,497628
C,CH70,450288
A,FR62,219134
B,CH96,46660
D,FR62,312362
C,CH67,270481
C,CH72,555812
D,FR100,142706
F,US6,112694
C,US18,918336
A,US81,361268
B,US86,152631
A,FR92,184572
D,FR74,498219
B,US40,538219
D,US87,811313
E,FR35,256747
C,CH77,154911
F,FR53,334149
F,US40,410381
A,FR17,223734
A,US76,320936
A,FR93,508822
B,US4,223065
E,FR46,375699
E,CH95,65959
E,FR99,847502
B,US45,712276
B,CH34,65866
B,CH44,285737
C,FR56,923708
A,FR46,841601
D,FR13,630516
C,US18,60921
C,CH41,568561
A,FR74,340031
E,US84,86108
E,FR13,761915
D,FR74,329778
E,FR90,299742
B,FR30,456534
E,FR54,619676
A,US76,150341
B,FR21,374780
C,US28,499741
C,US16,181375
F,CH8,180667
B,FR62,432752
E,FR93,800638
E,US60,356180
A,US1,52465
F,CH9,65746
F,FR36,544121
A,US94,86837
A,US12,236814
D,US82,599836
F,CH88,1145663
F,US11,110725
F,FR26,249795
B,US22,405905
A,CH55,726955
B,US82,246943
C,CH67,309069
E,CH67,247333
E,FR99,126656
E,CH8,59533
E,CH41,231519
D,CH83,359547
C,US20,864296
C,FR14,829813
B,CH72,295480
E,FR50,527688
B,US68,188373
B,US48,802163
F,CH70,241444
E,CH96,902874
D,FR63,625149
F,CH78,221502
F,CH57,105204
C,CH55,378129
E,CH38,448106
F,FR58,551711
C,FR63,480293
D,FR73,193768
A,FR52,264999
C,US75,339773
B,FR54,555536
A,US40,455085
B,US86,761611
A,FR80,135267
C,FR61,109378
C,US40,242210
C,FR61,262281
E,US28,349024
A,CH7,83199
A,FR59,578684
D,FR35,780536
F,CH47,113128
D,CH42,520420
A,CH55,327255
B,FR61,654328
F,FR13,66695
E,US4,1710713
D,US28,276375
A,FR61,849533
D,FR73,265105
B,CH23,207758
E,CH23,693062
D,US51,466017
A,FR80,228574
B,CH77,235652
B,CH88,486179
A,CH38,699638
D,US40,732147
E,US60,261278
B,FR89,354495
A,CH15,418252
F,FR14,473579
C,US28,329431
B,FR100,789359
A,US94,500813
E,FR89,389209
D,US40,161814
C,FR54,306995
D,US16,98053
E,FR46,727834
D,FR13,217385
A,US51,152497
D,FR93,414494
B,FR54,512734
B,FR5,365348
F,FR53,734802
A,CH67,565411
F,CH8,474108
C,US81,766742
B,CH27,890227
D,US81,493917
E,CH3,203818
A,US49,676216
A,US31,160714
F,CH83,238204
B,FR26,322066
B,US18,324219
F,US20,364113
F,CH65,161904
A,CH78,319328
B,CH9,603410
F,FR80,117252
A,FR92,920419
D,FR36,259656
B,FR80,93684
B,FR85,205841
C,US25,199684
E,US19,107979
D,US39,91626
A,US40,155365
D,CH65,1073742
B,US51,255768
B,FR90,768456
A,CH57,470721
C,US4,368936
C,CH95,169912
F,CH9,113036
D,CH70,850838
B,FR2,955107
C,FR89,297303
E,CH96,248246
F,US82,332096
A,FR92,390125
F,CH44,625687
F,FR13,373870
F,FR74,720352
A,CH70,107288
B,US31,656709
F,FR93,85109
A,CH34,173916
B,CH9,673797
B,US1,246666
F,FR14,1057342
C,US1,481639
F,CH37,81403
A,FR93,297776
D,FR85,175445
C,FR62,230919
F,US11,267768
B,FR24,285248
C,FR2,573338
C,US75,204237
C,FR74,345749
E,CH91,734199
D,CH32,242125
F,CH77,526682
A,FR85,142126
C,US40,229603
C,CH47,198735
C,US87,228859
F,CH29,773627
B,CH42,109024
B,FR69,737954
A,US20,290569
A,US86,974539
B,US82,186485
A,FR93,642627
B,CH55,715820
C,US12,459772
F,US86,350887
B,FR89,204892
D,US20,254725
B,US87,120776
B,FR2,265967
F,FR21,215842
A,FR24,987312
B,US94,162243
C,US6,158284
C,FR85,1072740
A,FR5,74998
D,CH29,554644
F,US87,1217008
D,FR80,67035
A,FR2,631637
D,CH77,313388
A,US11,388006
A,US79,551960
E,FR62,211784
D,FR50,588761
D,US25,242258
B,US49,1206981
C,CH78,122969
E,CH66,188453
C,FR17,645372
C,US98,327187
F,FR52,119680
D,US98,244261
C,CH91,70805
B,US6,649785
A,US10,148803
C,US76,185937
D,CH95,364061
D,FR30,606192
D,FR63,229830
E,CH96,142150
D,FR50,380420
E,US87,101342
F,FR90,1035747
A,CH55,533837
B,CH72,219193
A,US94,300354
E,CH83,423083
A,FR58,311107
D,FR74,100783
F,US84,986056
D,FR35,476076
E,US84,60624
F,FR63,333319
C,FR97,63664
B,CH34,688081
C,US87,518752
D,US45,1049287
E,US12,260640
B,FR53,605603
A,FR62,824476
A,CH9,177007
B,US4,1561075
D,US60,752762
D,FR99,313731
C,US10,440428
D,CH70,569368
A,US75,250039
A,US4,574889
B,FR99,291608
D,CH38,326254
E,FR100,129213
F,US48,509646
C,FR24,831480
D,FR89,543262
A,CH3,632202
D,CH96,267773
E,CH83,287125
F,FR85,308316
D,FR53,95287
C,FR56,136113
E,FR69,359995
B,CH88,347200
A,US40,189749
E,US31,174975
E,US84,366407
B,FR73,450391
B,FR17,336687
B,CH29,449720
A,FR85,158732
C,CH70,558073
B,CH91,346379
A,FR93,222539
E,FR73,240090
F,US51,230559
E,FR92,669994
B,US82,682549
D,US20,140180
E,CH67,392795
B,US86,168404
F,US19,1636075
C,US4,362533
F,FR85,250370
F,CH66,294357
E,US28,487152
D,FR74,278317
F,FR69,814285
C,CH23,280433
B,FR56,97268
F,FR53,306628
F,US76,906654
D,US12,434702
E,US22,531574
B,FR63,1008046
E,FR52,619580
C,FR52,492793
F,CH47,115909
A,FR24,331999
D,FR69,1247445
B,US75,430016
A,CH9,393068
A,CH38,227599
D,CH66,600558
A,FR2,435221
E,US11,656266
C,US16,76725
F,FR93,74866
F,FR93,249718
A,FR36,175400
D,US60,436905
A,CH78,202478
F,FR54,676837
A,FR63,423158
F,FR62,271026
E,US20,757332
F,CH91,726029
D,FR36,298219
E,CH88,328272
B,FR13,200119
F,CH91,366299
D,US40,640576
B,CH88,110897
C,CH3,170490
C,FR62,550406
C,US51,152184
A,FR54,282725
E,FR13,332915
C,FR97,129336
A,CH78,172708
B,US82,87413
E,CH72,850141
A,US86,154084
C,US19,74025
B,CH37,376716
B,US87,213620
A,FR30,566414
D,FR53,863700
B,FR80,111643
F,US22,146804
E,CH88,106293
E,US39,1414523
F,FR100,462760
D,CH42,341091
E,FR2,139053
F,FR62,322580
C,FR61,413340
E,FR92,53096
D,FR97,295774
B,US48,153583
F,FR5,502166
C,US87,565728
F,CH88,223870
A,FR93,1125958
F,FR90,390216
B,US49,1590117
D,US43,240811
F,US43,288122
F,FR62,264568
A,US40,244644
A,US20,407613
B,US43,472037
E,US11,125018
B,US6,257214
D,FR62,209107
F,US48,310649
D,FR93,79595
D,CH91,292578
D,US1,108214
E,CH72,218760
D,FR13,287412
B,FR89,967247
D,US11,300583
D,US12,182058
F,FR30,60548
C,FR13,173000
D,FR73,76466
B,CH91,448097
A,US4,77712
A,FR69,311920
C,US39,518803
F,CH8,430355
C,FR56,169657
C,FR26,561604
F,FR100,584919
B,US45,215776
D,US75,160826
D,US43,985050
B,CH88,192103
D,CH37,710747
D,US82,434087
C,CH8,149586
E,US79,275024
B,FR93,1396416
E,FR13,546311
C,CH41,242409
B,US40,329390
B,FR5,1590003
A,CH32,513885
E,CH41,327233
F,CH77,692994
D,CH44,352694
A,CH29,261733
D,CH88,834066
A,FR56,338374
F,FR59,237648
F,FR100,233311
E,US28,683112
B,US49,273456
F,US4,381706
E,FR97,202155
E,US87,413881
F,US11,107482
B,FR52,1760260
A,FR13,461287
F,US11,297944
D,FR97,514925
D,CH88,269922
C,FR54,426038
E,US84,343705
B,FR24,142564
F,FR35,186111
B,CH91,128823
F,CH3,572854
B,CH27,122730
F,US4,281416
C,US43,308805
C,CH67,170688
A,CH8,213452
C,FR74,220996
B,CH7,503169
A,FR85,228687
A,US18,647384
B,FR36,757241
D,FR73,290567
A,FR73,525608
B,US94,470129
D,CH72,418445
F,US1,726081
C,US43,93230
D,US75,297987
D,FR97,72388
A,FR30,236812
C,US86,119653
E,US49,732937
B,CH42,484381
B,FR97,322105
C,US45,572825
F,CH29,119503
E,FR50,260794
A,CH29,299390
A,FR53,356534
D,FR85,145197
C,US20,833820
A,CH55,648802
E,US11,241927
B,CH23,209740
C,FR97,186365
B,CH78,734478
C,US31,299682
F,CH71,425221
C,FR85,551443
C,US16,227608
F,FR89,501469
E,FR21,134554
A,CH88,32013
A,FR62,151967
F,CH15,635265
E,FR59,155202
F,FR62,395863
B,CH57,665341
B,CH34,313485
C,FR59,100534
C,US86,1705935
E,US20,647111
B,CH8,500308
E,US28,50614
F,FR17,373547
D,FR53,269357
D,CH57,404145
D,CH67,227004
E,US81,226392
E,CH9,201999
B,US51,94179
A,FR100,359190
E,FR63,370984
A,FR62,102020
C,CH23,134816
B,US60,763343
B,US40,483329
E,FR53,831927
A,US31,207159
E,FR24,466162
B,US68,444377
A,US19,285208
C,US45,451023
C,FR56,345109
A,FR80,643259
B,FR59,252441
A,CH15,308534
F,CH42,1047681
D,CH15,778502
C,US49,99144
C,US1,636393
F,US1,42419
A,FR69,698959
E,CH8,466301
D,CH29,265377
A,FR85,413763
C,US60,490126
B,FR85,237588
E,FR52,363802
B,CH41,206674
F,FR93,407034
F,FR2,139754
C,CH41,212483
E,FR56,492624
A,FR64,319603
E,FR63,357013
F,CH15,144863
C,CH3,1101299
D,US16,346057
A,US45,255209
A,CH27,402799
E,US84,636895
A,FR64,86118
D,CH71,314830
A,US39,37142
B,CH44,67961
F,FR30,125722
B,FR54,722811
A,US86,1012700
C,CH44,452936
E,FR2,125934
D,US86,1120273
C,US45,1205470
E,CH70,956294
B,US94,414793
A,FR73,343737
E,FR54,726029
E,FR54,309905
B,FR58,375870
D,FR5,196866
F,US94,923603
B,FR50,382771
C,CH7,742233
C,CH34,483276
F,FR5,571959
D,CH70,151626
A,FR97,1190177
F,US20,209410
F,FR73,210825
D,FR13,745375
A,CH65,547962
A,FR99,95378
C,CH96,129826
B,US28,265887
D,CH70,406201
D,FR35,96617
C,CH72,407544
D,FR99,314378
F,CH88,445780
D,CH57,426901
F,US43,331211
D,FR89,143826
A,US43,814514
B,CH88,272542
B,FR58,477951
C,FR36,728557
B,FR61,228104
A,US12,149835
A,FR89,410486
D,US18,455152
D,FR17,133932
A,CH83,286450
E,CH67,314451
A,FR24,333789
C,FR17,506504
E,CH72,253071
D,FR93,233353
C,FR13,137280
E,CH91,92726
D,CH66,239871
A,US25,518362
F,FR56,778695
E,CH65,977025
D,FR21,161309
A,US84,575739
B,CH34,1328057
B,FR56,96369
C,CH55,201737
F,FR33,206269
A,US43,305813
F,US12,138266
E,US76,438198
D,CH32,167542
A,CH55,143949
A,FR63,112009
F,FR90,702333
C,CH91,591950
B,CH23,1429925
A,FR2,196186
C,FR80,226250
F,US40,95431
D,US18,113379
D,FR62,529504
E,CH7,215877
E,CH41,556496
F,CH78,321754
C,US79,425810
C,CH34,764334
C,CH91,829784
B,FR69,172613
F,FR100,153839
D,US16,1091390
A,US25,326480
D,FR64,349225
A,FR36,196962
B,CH8,181559
F,US98,375596
B,CH91,500274
D,FR63,476335
E,FR30,288773
C,CH34,255411
D,FR74,315507
D,US6,266133
F,CH66,388404
D,CH29,231852
D,US68,697575
F,CH55,680473
A,US19,833247
E,CH91,184141
F,FR56,162179
D,US98,374844
E,US31,374127
D,FR74,156501
A,FR59,316451
C,CH37,40999
B,FR14,224250
F,CH37,211258
F,CH15,1261801
D,US48,245694
C,CH27,479694
A,US84,233709
C,CH47,301747
F,CH42,138109
B,CH9,170587
A,US11,110080
A,CH78,89586
C,US16,36544
F,CH8,829499
B,FR69,189770
A,CH78,173070
E,CH38,154393
E,CH3,206908
E,FR52,206526
B,US43,442181
D,US68,271011
B,FR80,213000
E,US11,249573
D,US22,229075
C,US98,1110244
D,US1,213590
C,CH78,585703
F,CH96,417120
C,CH32,77145
F,US51,508974
F,FR54,289848
E,FR69,1141466
A,CH65,336059
F,FR90,312803
D,CH83,667741
E,FR13,768808
B,FR17,844587
E,CH67,196506
A,US60,418688
A,FR59,399151
A,US75,144716
B,CH70,235060
A,FR36,291308
D,CH91,135456
B,CH77,775809
C,FR5,308816
D,FR69,1024635
F,CH15,327571
A,CH7,506946
C,FR21,62674
B,FR58,1708506
E,FR74,187441
D,FR100,288530
A,US68,229901
B,CH96,128501
A,US98,67381
D,FR69,267777
E,FR74,394839
F,US94,241779
F,FR100,171378
D,FR24,546541
E,CH47,441963
E,US68,678851
E,FR89,1047189
E,CH37,122297
C,US51,311835
C,FR2,1306850
F,FR54,625997
A,US18,213288
D,FR61,873855
F,US12,751075
B,FR93,92782
E,FR30,96777
A,US48,340865
E,US84,236714
F,CH7,80199
D,FR52,284497
C,FR52,555917
F,US22,190464
D,FR58,210065
E,CH72,366483
A,US79,120795
C,CH32,1004925
C,CH72,621995
B,FR46,379409
D,US28,139355
C,CH70,437662
E,CH15,713727
B,US1,114289
B,FR63,273390
E,CH15,181642
F,US25,286537
A,US10,418947
D,CH83,435220
D,FR14,477060
E,FR46,404216
F,FR33,102932
F,CH15,174271
D,FR100,637090
A,US51,635610
D,US75,258562
D,US11,120388
B,CH44,254166
B,FR5,802165
E,FR58,463257
A,CH27,810386
B,US12,932084
B,US10,228099
C,CH78,295961
B,FR33,400179
F,US68,243182
B,FR50,115658
C,US11,743621
B,FR99,137944
D,FR21,296408
D,CH57,373120
F,CH27,470620
A,CH91,100513
C,CH71,529119
B,CH27,752485
B,FR53,317565
A,FR85,220376
A,FR52,54666
C,FR62,471578
D,US68,53067
D,CH65,164004
A,CH8,241156
D,US1,134376
D,US79,108428
E,CH7,280396
D,US51,96887
A,FR54,321810
C,US18,1065467
E,US94,217282
C,FR58,1434477
A,US76,42957
E,FR21,937715
D,FR69,212002
C,US86,1126663
B,US98,187369
E,US1,1234635
B,FR53,657791
C,CH47,690800
B,US11,340311
C,FR52,51282
A,US68,136429
E,US68,635672
C,CH78,210530
A,FR58,269133
A,CH38,443228
D,FR5,469926
C,US11,349041
B,CH23,1055479
D,FR56,210309
E,CH72,578911
F,FR90,186981
B,US20,156472
F,FR80,477907
C,FR90,281729
F,FR99,59734
D,US87,419515
F,CH41,844309
A,FR52,454384
A,US4,729162
D,FR35,434923
C,CH9,461229
A,FR80,1235828
C,CH55,229178
A,CH78,89964
C,CH65,493739
E,FR53,298350
F,CH78,183951
E,FR17,576144
A,FR100,253243
A,FR89,293162
B,FR69,356965
B,CH67,1123889
E,FR56,1002454
D,FR46,101526
C,US25,221534
F,US94,288171
A,FR50,257770
E,FR35,166422
A,FR17,144637
E,US6,92058
D,CH7,233976
F,CH7,292310
A,US25,348845
C,US86,274657
B,FR97,369343
F,CH23,423006
A,FR73,1450882
A,CH37,131464
F,US75,170337
B,CH77,370548
E,CH72,114373
C,CH83,58098
B,FR56,164340
B,FR26,171928
C,US60,101531
E,FR21,136201
F,CH78,114791
C,CH38,280181
C,CH38,374687
A,CH77,70197
D,CH27,119311
D,US6,231791
B,CH44,384827
B,CH83,595091
B,FR52,278136
D,US68,351507
B,CH77,151647
B,FR2,303037
C,CH3,419011
B,FR93,459506
A,CH7,192029
F,CH9,197732
B,FR100,296038
A,CH32,761318
C,CH95,239329
C,CH96,841774
F,CH55,430312
D,US68,580646
D,FR33,101439
F,CH29,241954
E,CH44,634202
C,US4,381227
B,US11,234405
A,FR99,551307
D,FR30,145620
E,CH71,803975
F,US19,99796
C,CH7,350751
A,CH9,289179
C,FR56,210873
C,US84,172078
E,FR36,365382
A,FR62,276216
E,US28,103721
F,US18,208607
B,FR13,398014
C,CH96,73059
B,US94,315726
D,FR14,91092
F,US98,496179
C,US87,145787
D,US20,129843
F,CH7,660178
E,US86,103227
D,FR52,341657
B,FR2,490191
A,US82,302616
D,US6,471877
F,FR69,253809
E,FR14,47779
D,CH34,288934
E,US12,528046
A,US18,69833
E,US45,146974
F,US11,523496
D,CH47,1226410
D,US16,462010
E,FR30,124231
A,FR54,427766
E,FR24,129699
A,US86,652456
C,CH38,887039
C,FR59,125707
A,CH47,163485
B,CH65,282878
C,CH77,111791
C,FR59,246187
E,US60,466595
D,CH71,115588
F,FR73,1427767
D,FR58,71834
A,CH57,86147
C,FR93,1340538
C,FR64,417272
E,US43,421581
A,CH44,412019
E,CH66,715335
F,FR24,643470
E,US49,210409
E,CH34,587031
D,CH37,630286
B,US82,180119
C,FR46,1226047
D,CH55,207375
A,CH27,135000
C,FR56,60189
B,US1,285017
D,CH42,964196
A,FR85,588812
B,CH55,473792
B,CH66,651184
B,CH70,516274
E,FR92,298457
E,US25,241944
C,FR17,344827
F,FR56,255188
A,US1,835238
E,US76,174912
D,US16,812856
E,CH71,366220
E,US48,687356
B,FR73,485142
E,CH27,82837
B,US40,136997
D,CH37,122001
D,FR69,144343
B,CH83,464242
C,FR2,592246
C,FR93,346121
A,CH32,360857
A,FR35,162470
F,FR30,269952
B,FR14,253682
C,US81,364723
D,US84,93617
B,US40,800968
E,FR36,277670
E,US84,143332
F,US81,594244
F,FR21,691140
F,US39,399531
B,FR46,432396
A,FR90,342057
D,FR30,636987
F,CH71,441417
D,US6,313506
D,US86,401398
A,CH71,439012
B,US81,309979
B,US1,371822
E,CH42,292370
F,CH29,643496
C,FR73,507920
D,FR69,325654
A,US68,260075
F,CH9,159106
A,CH38,563952
C,US51,431762
B,US10,389364
C,FR30,128372
D,CH83,422960
B,US45,904342
C,FR59,586481
E,CH96,527919
E,US25,451650
F,CH42,171724
A,FR35,169273
D,FR61,131747
D,FR26,265351
A,CH15,337428
D,US81,155109
D,FR64,66058
B,FR61,412366
E,CH71,371873
A,US94,880434
B,US31,367909
B,CH77,313851
E,US79,323583
C,FR2,281961
D,FR58,337885
F,US79,386718
B,US43,325948
D,US86,385013
B,US51,191609
E,US11,152943
E,FR54,405902
B,US60,52194
F,US49,157966
B,FR5,145016
D,CH70,303102
C,CH78,120185
E,US87,428284
E,CH15,395174
E,FR36,246787
C,US82,374045
D,US39,449055
E,CH78,519022
D,US16,676292
B,FR100,199203
C,US4,465191
D,US31,568620
E,FR80,287411
F,CH67,518562
F,FR92,721012
C,US51,536950
A,US60,364097
B,CH23,464567
E,CH27,114805
E,CH38,213334
D,FR24,223350
B,US84,244127
D,FR17,360819
F,CH67,360677
F,CH70,673366
F,US68,625954
E,CH78,516229
D,CH23,1383541
A,CH27,56871
D,FR26,843427
E,CH27,279865
D,FR97,373269
A,US4,173165
C,FR14,499555
C,US11,426904
F,US39,283094
F,CH95,527740
A,FR50,138369
D,FR17,212284
C,US11,333492
B,US49,548923
F,US20,558952
A,CH41,809777
A,CH29,347729
F,US87,498952
A,FR33,252885
D,US79,511774
F,CH47,392798
B,CH55,209920
B,US6,690004
E,FR85,299957
F,US79,71578
D,FR90,555639
C,US1,84021
E,FR46,264728
D,FR59,548898
B,US68,108826
C,CH23,120595
A,US82,837662
B,CH95,269592
A,US49,649405
F,CH9,80269
F,CH91,257732
A,FR52,140064
B,US22,649674
B,FR2,283226
F,CH91,548197
B,US16,574024
B,US51,57685
D,CH7,297115
D,CH27,331203
D,FR100,277644
D,CH27,291366
E,US68,206035
D,CH29,109935
C,FR14,281705
F,FR100,665372
B,CH7,256826
C,US60,37493
A,CH55,405411
C,FR13,272752
B,CH44,1658383
A,FR33,234436
A,FR2,132850
D,US45,895567
E,US79,303057
D,FR61,225574
E,FR13,325133
B,US1,414014
E,CH42,766928
A,CH7,102008
C,FR50,265981
D,FR50,14644
F,US98,123724
D,US1,162124
E,CH72,360148
B,FR99,619784
D,CH91,668808
A,CH88,266671
C,FR50,427852
A,US98,274608
E,FR14,315742
F,US49,479841
E,US25,148579
C,US81,111724
D,CH77,633166
A,CH38,104175
B,FR80,481267
E,US84,62092
D,FR97,338984
C,CH34,376027
B,FR97,412499
E,CH41,362700
C,CH67,238374
C,US98,255977
C,FR85,355280
B,US45,949648
F,FR58,182423
B,FR97,397714
D,FR46,171307
E,FR100,569589
B,CH3,176414
F,CH95,991428
B,US49,533534
B,US1,457500
D,CH96,512623
A,FR21,671393
C,FR100,837602
A,US87,258097
A,CH8,126766
F,US49,191795
A,US84,505337
E,FR21,781455
E,US98,234448
E,CH8,323405
B,US1,538150
C,US75,211868
F,FR46,448561
D,US81,530022
A,FR59,619657
D,CH42,497695
F,FR14,432411
B,CH55,518228
C,US82,617881
C,US81,804499
D,FR52,459551
E,CH66,240394
E,FR26,381910
D,US10,455501
F,FR62,408392
C,CH72,525221
B,CH9,642076
B,CH65,105145
C,CH66,129255
D,FR58,322488
D,CH66,1038425
F,FR62,650314
D,CH78,366388
A,CH65,237539
F,US48,418455
E,FR85,269973
F,FR14,390554
A,US31,708051
C,US6,202464
E,US11,275982
F,US39,613144
E,US6,117930
A,US86,78159
E,US84,317642
B,US86,550819
A,CH44,926107
C,FR26,327864
B,FR100,621024
C,US98,1644896
E,CH7,605780
D,US81,381829
A,FR50,1101201
C,FR73,251160
C,US6,452435
D,FR59,364909
C,FR35,387603
E,CH77,299216
F,US68,129460
D,FR100,78444
A,US43,227614
C,FR26,260234
B,CH65,285790
F,FR5,946968
A,CH3,348441
B,FR30,253649
F,FR52,537125
F,CH88,408525
A,US43,342237
F,CH83,305440
C,FR93,1071692
E,FR54,64434
E,US22,55776
A,FR99,747233
F,US39,540774
D,FR5,184974
B,FR85,384290
F,US82,567621
F,US31,397513
D,US84,794182
C,US79,430257
D,CH38,901901
B,FR64,658642
C,US28,230249
F,US10,559038
D,CH70,140424
F,US87,654494
C,US45,1450605
C,CH47,538776
F,FR54,1041103
A,CH44,298763
D,FR90,461460
C,US79,617337
B,CH8,256993
D,US94,229945
D,US82,75687
C,CH37,238011
C,US45,201316
C,CH70,447580
D,FR80,38471
B,US28,341502
E,FR63,380524
C,FR33,293545
F,US49,312151
E,FR61,331215
B,CH71,285233
D,FR54,640922
A,US45,570965
B,FR52,720074
C,US84,911615
D,CH29,304046
D,US31,259777
F,FR21,1171207
E,FR93,560434
F,FR59,117279
F,US31,454391
C,FR63,376875
F,US45,566970
B,US75,475766
E,CH9,180741
E,FR99,570348
B,US19,550855
C,FR99,24631
B,CH78,677150
D,FR26,424078
F,FR92,585026
E,US60,517042
A,FR63,93840
B,CH37,145253
A,FR30,275191
D,CH42,290561
C,FR64,307534
E,FR92,1202176
F,US75,237285
C,US12,349725
D,FR53,637423
B,US45,375392
F,CH66,120455
D,FR97,251972
C,FR97,81302
C,US49,517309
B,FR26,402197
F,CH27,325729
B,CH70,488097
A,US19,198806
F,US86,436562
B,FR100,306883
C,US81,469227
E,US31,260383
D,US75,348786
B,FR89,220487
D,FR30,537011
E,FR93,341084
D,US87,699379
E,CH7,111431
C,US19,245760
D,US79,158151
C,CH67,444896
C,US82,507149
E,CH15,365370
C,CH96,294486
F,FR24,347932
B,US79,448116
B,US87,192154
F,US98,128128
E,FR90,261885
F,US39,490287
A,CH42,83666
D,CH55,72197
C,FR36,518888
D,US39,263896
A,US4,243144
E,FR62,170320
C,CH66,101426
C,FR74,214617
E,FR80,269491
B,US51,282278
D,FR73,423282
B,US60,515848
A,US81,223109
A,US48,366114
D,US49,466833
D,US10,219092
F,CH41,159098
B,FR36,255159
B,FR17,274316
C,FR59,662409
E,CH15,517101
E,CH83,284598
E,CH41,494221
D,CH29,668985
B,US79,892225
E,FR64,71114
E,CH8,460396
C,CH66,73459
D,FR62,241135
C,FR97,24507
B,FR5,316703
E,US4,92238
A,FR52,403498
E,CH41,352415
B,CH42,172024
A,FR56,936974
D,FR2,666157
E,CH7,102959
C,CH29,633005
C,US82,315616
A,CH57,369381
A,FR2,421068
E,CH42,307251
B,CH38,427583
B,US49,930606
B,CH91,999675
E,US48,416469
B,FR90,492956
D,FR26,325563
A,FR64,381212
D,US49,765069
C,CH41,924154
E,CH47,781498
C,FR89,136975
F,CH70,651535
F,FR26,144459
A,FR52,240721
D,CH77,461012
C,CH91,151603
D,FR13,294075
A,FR74,283854
D,CH95,162187
C,US16,207741
A,FR26,118952
C,FR35,254193
E,FR58,484029
B,US81,309461
F,CH37,42436
C,FR64,84859
D,CH9,724446
C,US18,512122
D,FR21,237888
E,US11,315629
A,FR59,93410
E,FR59,304559
F,US60,418798
C,US49,168795
D,US6,282080
B,US49,314980
A,US75,290065
D,CH70,417869
E,FR97,22952
C,US16,702914
B,US16,391953
A,FR85,215850
C,FR85,152084
A,CH41,146786
B,CH37,780539
A,FR61,842933
D,CH32,132313
E,FR50,490724
A,CH34,132692
A,FR26,441273
B,CH66,664511
A,FR59,103431
D,FR61,280986
F,CH23,430905
C,US40,361761
D,FR97,646663
C,US87,322251
F,US49,370298
F,CH15,82644
F,CH8,591893
E,FR59,560543
A,FR74,265404
E,CH66,15050
D,US18,541181
C,CH23,168581
B,CH72,811802
F,CH66,803760
C,US98,396821
E,CH41,705853
E,FR63,337668
F,FR13,298757
A,CH57,665613
F,US48,195000
B,FR97,351133
B,US98,294822
A,US84,308167
B,CH57,378870
E,FR30,110760
E,CH34,384004
B,CH91,53909
F,CH55,254655
F,FR100,358007
C,FR50,242752
C,US16,125165
F,CH23,1104632
E,FR89,102445
A,FR13,705944
B,CH9,667839
E,CH37,141958
A,CH27,1016804
B,FR17,48037
D,CH95,132548
A,US1,260759
F,CH83,42148
B,FR13,176168
D,CH23,489968
B,FR54,219454
A,US79,545554
F,US20,213712
A,CH95,284506
E,CH41,178699
F,CH32,498471
B,FR52,485541
D,CH88,477198
A,US28,689669
C,FR50,374227
D,CH72,241180
C,FR85,421687
A,US79,244924
C,US6,700173
E,US76,199941
A,FR33,310099
C,FR5,405078
B,US25,160652
D,US49,297301
B,CH27,501405
A,FR14,244712
D,FR61,429672
D,FR36,185249
F,FR50,850797
E,CH88,418060
E,FR52,637767
C,US45,102354
E,CH88,197525
E,CH34,195758
D,CH57,83196
B,US10,1487225
A,CH88,915691
D,FR35,541897
B,FR30,240065
B,US82,270576
C,US76,241988
A,FR61,414511
C,FR33,252496
F,FR64,189008
B,FR89,1099240
E,US82,130888
D,FR35,355675
E,FR74,225104
F,US60,249002
A,US40,221648
C,US49,228011
F,FR93,583296
C,US45,412049
E,FR74,453274
C,CH42,73618
E,CH71,445565
E,US87,115066
A,FR2,548457
C,CH7,234758
D,CH37,74893
E,FR90,278610
B,FR58,168944
A,US82,252500
D,CH77,410539
F,FR92,103380
D,US39,488849
E,US87,415957
A,US79,288779
B,FR74,71794
A,FR17,434818
B,FR61,684356
D,US49,270903
B,CH78,104842
D,FR93,588853
D,US12,138997
D,CH66,152324
B,US75,271999
B,CH47,807984
B,US40,345610
B,FR35,609546
B,US87,739874
E,FR89,388861
B,US28,201217
E,US31,391809
C,FR62,382414
E,FR69,559637
D,FR2,529504
A,US49,166599
E,CH71,263951
F,CH8,58107
E,US86,508301
D,US60,1257280
A,CH66,227133
E,US68,749665
A,CH37,439101
A,CH57,198430
B,US6,343143
F,FR24,91605
A,FR36,493291
D,FR80,251401
A,US40,1473155
C,CH96,547110
A,CH29,782684
B,FR17,438333
F,FR89,536068
E,US40,356170
F,CH83,507047
B,FR63,1196646
F,US87,103701
A,CH23,214125
D,US98,385434
B,FR73,354427
F,US11,340395
E,FR26,961420
F,US4,404032
B,FR73,65954
C,CH95,819241
D,FR5,515631
C,US22,213262
B,CH65,148535
C,FR13,223840
B,CH7,827745
E,US25,912468
D,CH78,962648
F,FR74,409001
F,FR62,55458
E,CH34,942704
B,FR80,358378
F,FR85,96013
F,CH70,1064518
E,FR59,113578
F,US25,210197
B,CH65,286365
F,US87,379650
B,CH41,206307
A,FR53,643223
D,CH27,235869
A,FR24,331798
C,US16,373949
D,FR14,267637
B,FR46,822340
F,FR13,213227
E,US87,181290
A,CH57,134960
D,CH38,107728
E,FR90,331298
C,CH29,608104
F,CH32,421468
B,CH95,413321
E,FR50,1634346
A,FR97,589040
E,CH7,164097
F,CH57,108845
F,US22,274264
C,US84,366770
F,US31,105939
E,CH83,615982
A,US18,642480
A,US11,413127
D,CH67,305544
F,US87,422855
F,FR69,345831
D,CH91,342650
A,FR52,457802
F,FR56,207987
E,CH32,228628
B,US4,649199
C,CH83,248509
E,CH55,227414
D,US19,127932
A,CH96,323422
A,US1,279070
D,CH32,514285
E,CH83,1067163
A,CH57,105793
A,FR69,57259
D,CH72,639718
C,US86,422807
A,US1,122486
E,CH66,66529
B,FR35,317265
B,US98,50322
D,FR73,475253
A,FR92,193886
A,US19,370215
F,CH57,825803
A,US22,322801
F,US1,344351
A,US75,254072
B,CH32,175010
D,US68,583422
F,FR62,194511
A,US1,319563
A,FR58,124443
A,FR13,246016
F,CH57,251726
F,FR90,697191
B,US16,357791
C,US39,87435
D,US45,120797
F,FR35,29181
C,FR35,65328
D,US45,447190
C,CH66,519486
B,FR17,254426
E,FR2,450086
D,FR35,620621
F,FR89,289350
B,US87,1054976
E,FR36,295936
E,CH55,360522
C,US22,275814
F,FR33,163721
B,CH27,217495
D,FR13,113654
A,US51,276952
B,US84,815603
D,FR35,845280
A,FR52,211569
B,FR58,195960
E,CH67,267569
D,US19,131260
A,US19,554065
F,CH67,68637
E,CH77,98410
A,CH32,686621
E,FR24,453556
D,CH66,1230451
C,CH47,91122
B,FR63,287386
B,US11,382940
C,US82,419042
E,US98,92671
F,CH55,397225
F,CH47,653787
A,CH15,363229
D,CH57,259197
C,US81,75731
F,CH3,65549
F,US43,75515
B,US16,239585
D,FR58,626310
B,CH65,212879
B,US49,172787
F,FR85,227713
E,CH77,133356
C,FR99,322688
A,US68,105488
C,US12,423480
C,FR50,188374
B,US25,531602
A,CH78,246662
A,FR69,247460
C,CH44,130844
F,US45,261433
E,US45,258356
D,US75,558485
E,US68,243660
C,US11,593102
A,US22,452487
F,FR30,343563
D,FR21,306657
C,CH3,655793
D,US28,67753
D,US76,131191
B,US49,266923
D,CH42,491559
B,CH32,173838
E,FR30,367836
D,US45,264807
A,US75,873267
A,FR46,64448
A,FR2,833016
B,US39,204003
B,US94,275915
F,US86,121955
A,US16,321818
D,FR93,136658
A,FR54,395420
C,CH27,802834
A,US43,396286
C,CH78,354995
C,US4,416227
A,US11,418268
F,US22,241199
C,US48,420749
F,CH55,429980
D,CH96,195645
A,US16,388493
B,CH66,498324
D,FR17,193840
A,FR46,175036
F,US86,642746
A,US20,109594
D,FR73,56613
D,FR62,201525
B,FR69,629115
B,CH15,293423
E,FR93,322322
A,US98,160870
E,FR59,1109418
E,US68,184365
A,US43,242035
F,FR61,536526
A,US6,404193
B,CH37,234668
F,CH47,170341
A,US22,334769
F,CH29,159902
F,FR100,242238
D,US48,612097
F,CH71,1132628
C,CH78,123560
A,FR52,881717
A,US82,207414
B,FR99,366983
C,FR99,449383
F,CH37,445505
E,CH95,661335
C,CH15,332674
B,FR2,307369
C,US12,338407
D,FR61,399460
B,CH88,369715
C,US31,701397
A,FR33,418708
E,US49,63384
D,FR99,83069
C,CH47,202727
D,CH42,1332456
E,FR97,469949
A,US6,365012
C,CH9,437471
E,US39,268586
A,CH66,143860
D,CH15,96757
A,US76,269958
F,US12,476565
E,FR36,301276
A,US4,622738
E,US12,26880
B,US84,302797
A,US75,200005
B,FR89,155685
B,FR35,204229
A,FR56,314860
C,US87,133765
D,CH34,710170
A,FR92,361068
B,US82,273052
A,US48,341728
C,FR93,112948
D,FR93,439760
D,CH8,1252096
E,US81,477823
F,FR24,348302
E,CH41,691851
D,CH29,240177
D,US22,123344
A,CH88,405585
A,CH70,617221
C,US18,270166
B,FR93,267304
D,US79,1101303
A,CH57,680414
B,FR59,592919
A,FR93,455580
B,FR33,365595
B,CH71,214523
E,CH29,522576
C,FR36,1440138
F,US82,608474
A,US12,183739
C,US11,168370
B,CH70,354087
B,FR46,966409
D,CH66,204026
D,CH57,886491
F,US79,309313
E,FR58,586082
E,US39,407908
A,CH27,67014
A,US51,325034
C,US31,160456
E,FR35,440596
F,US31,281843
C,FR54,314354
C,US75,214642
C,FR59,162766
F,US76,178053
D,FR63,498444
D,CH29,433276
B,US94,399322
F,FR56,248140
B,CH7,210385
C,US51,177021
B,CH15,253651
C,FR100,760726
E,CH83,680080
C,FR85,179549
A,US28,204145
A,US19,503119
C,CH67,338995
B,US40,486050
D,CH29,209668
D,CH37,125080
C,US86,757004
A,CH95,220270
B,US94,478388
C,CH65,403816
E,FR52,120381
A,CH32,486490
C,CH91,94500
F,FR2,687137
C,FR62,122596
A,FR26,317481
F,CH32,586541
E,US16,107016
D,US1,226636
B,CH91,449019
E,FR92,320208
A,FR63,798241
F,US19,577541
A,FR85,421961
A,US19,287122
A,US25,206808
D,FR36,555482
B,FR33,75398
C,US25,514406
B,US18,271570
E,FR17,588748
D,FR52,570894
C,CH37,111116
B,US84,476534
F,FR92,844740
F,CH65,293877
E,US20,673077
C,CH77,95070
A,US60,520727
A,FR13,828062
E,CH41,144556
F,US11,660619
A,CH44,24553
B,US31,529357
E,FR13,211107
D,US6,674707
B,CH57,617809
E,US45,697070
C,FR21,541210
F,CH57,718052
F,FR35,56722
A,FR13,488337
A,US19,320760
F,FR54,178995
B,FR97,1357094
A,CH37,380963
A,US79,146593
E,CH32,904651
C,CH70,234088
D,CH3,185884
A,FR50,864762
B,US87,729866
B,CH55,195141
D,US86,447332
C,CH70,559172
A,FR46,535008
D,US51,473549
B,FR89,843155
C,US22,354518
D,US10,641843
B,FR2,458951
A,FR62,600953
D,FR21,94765
B,FR46,465294
C,FR93,237069
B,CH34,546633
E,US51,161783
E,US49,92361
F,CH78,244266
B,CH72,669808
D,US6,145420
F,FR13,131364
B,US84,563725
D,US25,219163
F,CH66,323754
D,US81,116924
E,FR61,285128
F,CH44,705032
C,FR13,424844
B,FR30,546230
D,FR46,369148
D,FR63,208148
C,FR17,113065
E,FR100,276084
A,US48,272644
F,US86,827882
E,FR46,86270
E,FR99,327797
A,US75,167347
B,CH67,106444
C,CH9,282288
B,US76,190087
B,CH29,461713
F,CH29,322197
D,FR21,96481
E,US22,348827
B,FR62,244647
C,CH72,210294
C,CH71,40228
B,US40,722762
D,US43,1222373
F,US76,283371
B,FR52,355118
F,CH27,233588
D,FR100,561682
A,FR17,286789
C,CH7,219284
C,FR61,174105
A,US60,315345
F,US20,329244
D,CH91,1214005
D,US6,195946
C,US82,378516
A,CH7,686606
B,US6,646815
D,FR30,393158
F,FR93,890314
A,US51,188085
B,US28,814517
F,CH67,330247
B,US18,455128
D,CH37,309046
B,US43,211751
D,CH47,410130
D,CH66,54656
E,FR63,147288
B,US68,37090
E,CH27,367562
B,FR35,858744
D,US39,97478
F,CH67,118592
E,CH77,244422
D,CH15,453232
A,US18,265077
E,US4,680870
B,CH15,564467
A,FR35,185923
B,US11,136812
D,US76,207924
B,US94,375574
A,FR30,247229
B,CH66,288556
E,FR100,96754
C,US12,586299
B,FR73,797053
A,FR5,49596
F,CH41,553350
A,CH65,341580
A,CH55,37748
B,FR69,358272
A,CH32,484091
B,CH72,282543
F,FR5,505100
B,FR74,94665
E,US18,524510
C,CH70,423012
A,CH37,297729
A,US86,254519
A,FR97,199979
B,CH71,117015
E,FR24,311027
A,FR64,403460
A,US48,191642
C,US39,374931
A,US81,784402
E,US51,267025
D,FR53,233469
B,CH15,499944
A,FR62,268687
B,US28,339135
C,CH9,535440
A,CH91,164761
D,US94,410195
B,CH8,622746
C,FR2,533195
E,CH67,118208
B,US12,49296
C,US43,301581
F,CH32,151820
C,CH67,169373
E,US11,737963
A,FR63,348555
D,CH38,924764
D,US16,476097
B,CH37,114333
C,FR56,528579
F,US86,974376
C,FR73,435967
D,CH41,743497
A,US82,259491
E,CH44,32468
B,CH65,394003
A,US45,248650
E,CH91,96423
D,CH3,257191
B,FR26,261540
D,CH42,662198
B,FR56,874576
C,CH41,549631
D,CH3,673782
D,US84,181128
F,FR50,482330
E,US94,455410
A,CH77,494088
B,CH57,515174
A,CH96,655740
F,CH44,698323
C,FR69,715252
D,US39,513109
F,US75,672703
F,FR35,784251
B,US49,384661
F,CH38,376545
D,FR73,219277
E,CH65,253568
B,FR74,246414
F,US28,619527
E,FR50,675458
D,CH47,103180
D,FR69,533841
F,CH32,573359
B,FR90,202461
E,CH34,321653
A,CH77,292919
A,FR80,179397
C,FR36,1209143
B,CH3,589000
E,US22,265475
E,FR92,370028
E,US43,109145
C,US25,143887
B,US75,1154378
E,FR92,267117
A,US18,853904
C,FR52,305400
F,US49,273961
B,FR14,723472
B,CH95,391593
C,US18,557328
F,FR52,416449
A,FR69,200324
B,FR53,252044
A,US1,754861
A,CH7,454782
E,US25,1628168
F,CH65,107698
B,FR80,498973
E,FR53,633652
E,CH15,752539
F,FR26,338640
B,FR21,261978
D,CH47,672766
A,US16,273992
A,FR54,368656
D,CH23,610918
B,CH95,1208508
D,FR90,379837
F,FR26,530434
A,FR17,275365
B,US82,351027
E,US68,565025
D,CH41,621531
C,FR56,539352
C,US60,494247
E,FR59,315674
E,CH7,399528
C,CH9,797303
F,FR73,222282
A,FR2,91355
E,FR26,565405
E,FR24,332100
B,CH71,394097
A,CH78,290649
F,US25,147426
B,CH77,237283
F,FR2,596678
E,FR90,598684
C,CH57,209566
D,FR54,679451
D,US4,928386
B,US82,197366
F,US75,17207
B,US51,216760
C,FR97,353883
A,CH29,1013172
F,FR74,371553
E,FR92,723783
D,US19,361314
E,FR99,812742
E,CH9,312967
E,FR100,492441
C,CH66,673795
C,FR50,462124
B,CH55,74588
